Y,THROUGHPUT(Mbps),
20,21.616176
30,14.703952
40,9.561248
50,0.000000